throughput_items_per_sec,success_rate,dedup_rate
0.43151831264241114,0.0,0.009259259259259259
